firstName,LastName,birthDate,email,phone,street1,street2,city,stateProvince,postalCode,country
James,Hayes,1977-06-11,halenicholas@smith.com,970-441-4081,5365 Bailey Park Suite 890,Suite 278,East Jack,MI,77311,Montserrat
Hunter,Austin,1959-06-16,jasonmartinez@brewer.info,970-441-4082,2978 Myers Orchard Apt. 629,Apt. 176,Currychester,AL,59258,Ecuador
Daniel,Gomez,1972-01-04,gmoon@mills.com,970-441-4083,24623 Bolton Views,Suite 129,Port Maureen,RI,13041,Grenada
Shawn,Payne,1991-03-16,jasminemyers@yahoo.com,970-441-4084,77619 Bauer Mountains Suite 145,Suite 190,Nicholaston,KS,60658,Turks and Caicos Islands
Casey,Morris,1973-05-14,brooke33@gmail.com,970-441-4085,6321 Hector Springs Suite 630,Apt. 535,Williamshaven,WY,32100,Lithuania
Tyler,Morris,1973-09-13,jharrison@hotmail.com,970-441-4086,81493 William Pass,Suite 288,New Allenshire,SD,30265,Uruguay
Julie,Young,2006-08-22,hunterhannah@ramsey-vargas.com,970-441-4087,2650 Morgan Glen Suite 283,Suite 472,Romeroborough,TN,63944,Georgia
Kerry,Murray,1975-12-08,rodriguezmanuel@molina.com,970-441-4088,30498 Moody Port,Apt. 268,Lake Masonmouth,WV,27196,Japan
Catherine,Santiago,1948-01-21,panderson@williams.info,970-441-4089,58604 Carla Parkway Suite 571,Apt. 965,East Stephenview,WA,93950,American Samoa
Heidi,Lewis,1979-03-23,markharmon@dyer-brown.com,970-441-4090,4172 Alexandria Trail,Apt. 249,Christianborough,CT,2135,United States of America
